Site_code	barcode	PrimerF	PrimerR	Year	Site	Depth	Date
COUP1	TCTGAT	CCAGCASCYGCGGTAATTCC	ACTTTCGTTCTTGATYRA	y2019	La_Coupelasse	Vase	1000-01-01
COUP3	AACTTA	CCAGCASCYGCGGTAATTCC	ACTTTCGTTCTTGATYRA	y2019	La_Coupelasse	Vase	1000-01-01
CROI1	GTGCCA	CCAGCASCYGCGGTAATTCC	ACTTTCGTTCTTGATYRA	y2019	Croisic_Large	Vase	1000-01-01
CROI3	GTAACA	CCAGCASCYGCGGTAATTCC	ACTTTCGTTCTTGATYRA	y2019	Croisic_Large	Vase	1000-01-01
ESTL1	CTAGGA	CCAGCASCYGCGGTAATTCC	ACTTTCGTTCTTGATYRA	y2019	Estuaire_Loire	Vase	1000-01-01
ESTL3	GGATTC	CCAGCASCYGCGGTAATTCC	ACTTTCGTTCTTGATYRA	y2019	Estuaire_Loire	Vase	1000-01-01
ESTV1	TGACCT	CCAGCASCYGCGGTAATTCC	ACTTTCGTTCTTGATYRA	y2019	Estuaire_Vilaine	Vase	1000-01-01
ESTV3	GGAGGT	CCAGCASCYGCGGTAATTCC	ACTTTCGTTCTTGATYRA	y2019	Estuaire_Vilaine	Vase	1000-01-01
GILS1	AATTCT	CCAGCASCYGCGGTAATTCC	ACTTTCGTTCTTGATYRA	y2019	Saint_Gildas	Sable	1000-01-01
GILS3	TTCAAC	CCAGCASCYGCGGTAATTCC	ACTTTCGTTCTTGATYRA	y2019	Saint_Gildas	Sable	1000-01-01
GILV1	GGAAGA	CCAGCASCYGCGGTAATTCC	ACTTTCGTTCTTGATYRA	y2019	Saint_Gildas	Vase	1000-01-01
GILV3	ACGAAT	CCAGCASCYGCGGTAATTCC	ACTTTCGTTCTTGATYRA	y2019	Saint_Gildas	Vase	1000-01-01
GOUR1	GGTTAT	CCAGCASCYGCGGTAATTCC	ACTTTCGTTCTTGATYRA	y2019	Pornic_Gourmalon	Vase	1000-01-01
GOUR3	GGTCCG	CCAGCASCYGCGGTAATTCC	ACTTTCGTTCTTGATYRA	y2019	Pornic_Gourmalon	Vase	1000-01-01
LO-19-287	TCGAAC	CCAGCASCYGCGGTAATTCC	ACTTTCGTTCTTGATYRA	y2019	Ouest_Loscolo	Fond	2019-09-09
LO-19-288	GTGTTT	CCAGCASCYGCGGTAATTCC	ACTTTCGTTCTTGATYRA	y2019	Ouest_Loscolo	Mi-profondeur	2019-09-09
LO-19-289	ACCCCC	CCAGCASCYGCGGTAATTCC	ACTTTCGTTCTTGATYRA	y2019	Ouest_Loscolo	Surface	2019-09-09
LO-19-313	ACTTTT	CCAGCASCYGCGGTAATTCC	ACTTTCGTTCTTGATYRA	y2019	Ouest_Loscolo	Fond	2019-10-07
LO-19-314	GGCCAA	CCAGCASCYGCGGTAATTCC	ACTTTCGTTCTTGATYRA	y2019	Ouest_Loscolo	Mi-profondeur	2019-10-07
LO-19-315	GACAGT	CCAGCASCYGCGGTAATTCC	ACTTTCGTTCTTGATYRA	y2019	Ouest_Loscolo	Surface	2019-10-07
LO-19-330	ATGTCA	CCAGCASCYGCGGTAATTCC	ACTTTCGTTCTTGATYRA	y2019	Ouest_Loscolo	Surface	2019-10-24
LO-19-331	GCAGCT	CCAGCASCYGCGGTAATTCC	ACTTTCGTTCTTGATYRA	y2019	Ouest_Loscolo	Fond	2019-10-24
LO-19-332	CGTCGC	CCAGCASCYGCGGTAATTCC	ACTTTCGTTCTTGATYRA	y2019	Ouest_Loscolo	Mi-profondeur	2019-10-24
LO-19-354	ACCAGG	CCAGCASCYGCGGTAATTCC	ACTTTCGTTCTTGATYRA	y2019	Ouest_Loscolo	Surface	2019-12-04
LO-19-355	TGTGCC	CCAGCASCYGCGGTAATTCC	ACTTTCGTTCTTGATYRA	y2019	Ouest_Loscolo	Fond	2019-12-04
LO-19-356	GGACTT	CCAGCASCYGCGGTAATTCC	ACTTTCGTTCTTGATYRA	y2019	Ouest_Loscolo	Mi-profondeur	2019-12-04
LO-20-006	CATCCT	CCAGCASCYGCGGTAATTCC	ACTTTCGTTCTTGATYRA	y2020	Ouest_Loscolo	Fond	2020-01-06
LO-20-007	GTCGGC	CCAGCASCYGCGGTAATTCC	ACTTTCGTTCTTGATYRA	y2020	Ouest_Loscolo	Surface	2020-01-06
LO-20-008	TGTAAA	CCAGCASCYGCGGTAATTCC	ACTTTCGTTCTTGATYRA	y2020	Ouest_Loscolo	Mi-profondeur	2020-01-06
LO-20-022	CAGCGT	CCAGCASCYGCGGTAATTCC	ACTTTCGTTCTTGATYRA	y2020	Ouest_Loscolo	Surface	2020-01-21
LO-20-023	GGATCA	CCAGCASCYGCGGTAATTCC	ACTTTCGTTCTTGATYRA	y2020	Ouest_Loscolo	Mi-profondeur	2020-01-21
LO-20-024	CCCCAT	CCAGCASCYGCGGTAATTCC	ACTTTCGTTCTTGATYRA	y2020	Ouest_Loscolo	Fond	2020-01-21
LO-20-038	TTGTGA	CCAGCASCYGCGGTAATTCC	ACTTTCGTTCTTGATYRA	y2020	Ouest_Loscolo	Surface	2020-02-03
LO-20-039	AGATAG	CCAGCASCYGCGGTAATTCC	ACTTTCGTTCTTGATYRA	y2020	Ouest_Loscolo	Mi-profondeur	2020-02-03
LO-20-040	CCTGCT	CCAGCASCYGCGGTAATTCC	ACTTTCGTTCTTGATYRA	y2020	Ouest_Loscolo	Fond	2020-02-03
LO-20-054	TTACTC	CCAGCASCYGCGGTAATTCC	ACTTTCGTTCTTGATYRA	y2020	Ouest_Loscolo	Surface	2020-02-19
LO-20-055	ATTAGG	CCAGCASCYGCGGTAATTCC	ACTTTCGTTCTTGATYRA	y2020	Ouest_Loscolo	Mi-profondeur	2020-02-19
LO-20-056	GCCTAA	CCAGCASCYGCGGTAATTCC	ACTTTCGTTCTTGATYRA	y2020	Ouest_Loscolo	Fond	2020-02-19
LO-20-258	AAAGCG	CCAGCASCYGCGGTAATTCC	ACTTTCGTTCTTGATYRA	y2020	Ouest_Loscolo	Surface	2020-09-09
LO-20-259	TTGCTA	CCAGCASCYGCGGTAATTCC	ACTTTCGTTCTTGATYRA	y2020	Ouest_Loscolo	Fond	2020-09-09
LO-20-260	TCTTCT	CCAGCASCYGCGGTAATTCC	ACTTTCGTTCTTGATYRA	y2020	Ouest_Loscolo	Mi-profondeur	2020-09-09
LO-20-275	CTACTA	CCAGCASCYGCGGTAATTCC	ACTTTCGTTCTTGATYRA	y2020	Ouest_Loscolo	Surface	2020-09-22
LO-20-276	TGCGCT	CCAGCASCYGCGGTAATTCC	ACTTTCGTTCTTGATYRA	y2020	Ouest_Loscolo	Mi-profondeur	2020-09-22
LO-20-277	ACGATC	CCAGCASCYGCGGTAATTCC	ACTTTCGTTCTTGATYRA	y2020	Ouest_Loscolo	Fond	2020-09-22
LO-20-290	CGCTCT	CCAGCASCYGCGGTAATTCC	ACTTTCGTTCTTGATYRA	y2020	Ouest_Loscolo	Surface	2020-10-12
LO-20-291	GATAGA	CCAGCASCYGCGGTAATTCC	ACTTTCGTTCTTGATYRA	y2020	Ouest_Loscolo	Mi-profondeur	2020-10-12
LO-20-292	TATCAT	CCAGCASCYGCGGTAATTCC	ACTTTCGTTCTTGATYRA	y2020	Ouest_Loscolo	Fond	2020-10-12
LO-20-312	CTAGTC	CCAGCASCYGCGGTAATTCC	ACTTTCGTTCTTGATYRA	y2020	Ouest_Loscolo	Surface	2020-11-09
LO-20-313	GGCTTG	CCAGCASCYGCGGTAATTCC	ACTTTCGTTCTTGATYRA	y2020	Ouest_Loscolo	Mi-profondeur	2020-11-09
LO-20-314	CCTCCC	CCAGCASCYGCGGTAATTCC	ACTTTCGTTCTTGATYRA	y2020	Ouest_Loscolo	Fond	2020-11-09
LO-20-328	GCACGT	CCAGCASCYGCGGTAATTCC	ACTTTCGTTCTTGATYRA	y2020	Ouest_Loscolo	Surface	2020-11-24
LO-20-329	AGGGCA	CCAGCASCYGCGGTAATTCC	ACTTTCGTTCTTGATYRA	y2020	Ouest_Loscolo	Mi-profondeur	2020-11-24
LO-20-330	TCCAGA	CCAGCASCYGCGGTAATTCC	ACTTTCGTTCTTGATYRA	y2020	Ouest_Loscolo	Fond	2020-11-24
LO-20-340	GATCTG	CCAGCASCYGCGGTAATTCC	ACTTTCGTTCTTGATYRA	y2020	Ouest_Loscolo	Surface	2020-12-08
LO-20-341	CGCGCC	CCAGCASCYGCGGTAATTCC	ACTTTCGTTCTTGATYRA	y2020	Ouest_Loscolo	Mi-profondeur	2020-12-08
LO-20-342	GCCGCG	CCAGCASCYGCGGTAATTCC	ACTTTCGTTCTTGATYRA	y2020	Ouest_Loscolo	Fond	2020-12-08
LO-21-005	TAGGAA	CCAGCASCYGCGGTAATTCC	ACTTTCGTTCTTGATYRA	y2021	Ouest_Loscolo	Fond	2021-01-06
LO-21-006	TATCGA	CCAGCASCYGCGGTAATTCC	ACTTTCGTTCTTGATYRA	y2021	Ouest_Loscolo	Mi-profondeur	2021-01-06
LO-21-007	TCGAGG	CCAGCASCYGCGGTAATTCC	ACTTTCGTTCTTGATYRA	y2021	Ouest_Loscolo	Surface	2021-01-06
LO-21-020	CGATAC	CCAGCASCYGCGGTAATTCC	ACTTTCGTTCTTGATYRA	y2021	Ouest_Loscolo	Fond	2021-01-25
LO-21-021	CACCGG	CCAGCASCYGCGGTAATTCC	ACTTTCGTTCTTGATYRA	y2021	Ouest_Loscolo	Mi-profondeur	2021-01-25
LO-21-022	TGGTCA	CCAGCASCYGCGGTAATTCC	ACTTTCGTTCTTGATYRA	y2021	Ouest_Loscolo	Surface	2021-01-25
LO-21-035	TCATGT	CCAGCASCYGCGGTAATTCC	ACTTTCGTTCTTGATYRA	y2021	Ouest_Loscolo	Fond	2021-02-22
LO-21-036	TCTCTC	CCAGCASCYGCGGTAATTCC	ACTTTCGTTCTTGATYRA	y2021	Ouest_Loscolo	Mi-profondeur	2021-02-22
LO-21-037	GTAGTT	CCAGCASCYGCGGTAATTCC	ACTTTCGTTCTTGATYRA	y2021	Ouest_Loscolo	Surface	2021-02-22
LO-21-047	CAGAAA	CCAGCASCYGCGGTAATTCC	ACTTTCGTTCTTGATYRA	y2021	Ouest_Loscolo	Fond	2021-03-08
LO-21-048	AGTAAG	CCAGCASCYGCGGTAATTCC	ACTTTCGTTCTTGATYRA	y2021	Ouest_Loscolo	Mi-profondeur	2021-03-08
LO-21-049	TCCTTA	CCAGCASCYGCGGTAATTCC	ACTTTCGTTCTTGATYRA	y2021	Ouest_Loscolo	Surface	2021-03-08
LO-21-062	CTTGGG	CCAGCASCYGCGGTAATTCC	ACTTTCGTTCTTGATYRA	y2021	Ouest_Loscolo	Fond	2021-03-22
LO-21-063	GAACAC	CCAGCASCYGCGGTAATTCC	ACTTTCGTTCTTGATYRA	y2021	Ouest_Loscolo	Mi-profondeur	2021-03-22
LO-21-064	CGGCAT	CCAGCASCYGCGGTAATTCC	ACTTTCGTTCTTGATYRA	y2021	Ouest_Loscolo	Surface	2021-03-22
MARE1	CAGTTC	CCAGCASCYGCGGTAATTCC	ACTTTCGTTCTTGATYRA	y2019	Maresclé	Vase	1000-01-01
MARE3	GCATGG	CCAGCASCYGCGGTAATTCC	ACTTTCGTTCTTGATYRA	y2019	Maresclé	Vase	1000-01-01
NODU1	AATGAA	CCAGCASCYGCGGTAATTCC	ACTTTCGTTCTTGATYRA	y2019	Nord_Dumet	Vase	1000-01-01
NODU3	TTTCCG	CCAGCASCYGCGGTAATTCC	ACTTTCGTTCTTGATYRA	y2019	Nord_Dumet	Vase	1000-01-01
NOIR1	CACTGT	CCAGCASCYGCGGTAATTCC	ACTTTCGTTCTTGATYRA	y2019	Noirmoutier	Vase	1000-01-01
NOIR3	AATGGT	CCAGCASCYGCGGTAATTCC	ACTTTCGTTCTTGATYRA	y2019	Noirmoutier	Vase	1000-01-01
NT-19-203	GTTCTT	CCAGCASCYGCGGTAATTCC	ACTTTCGTTCTTGATYRA	y2019	Basse_Michaud	Surface	2019-09-09
NT-19-204	ACAGAC	CCAGCASCYGCGGTAATTCC	ACTTTCGTTCTTGATYRA	y2019	Basse_Michaud	Fond	2019-09-09
NT-19-214	GTTGCG	CCAGCASCYGCGGTAATTCC	ACTTTCGTTCTTGATYRA	y2019	Basse_Michaud	Surface	2019-09-23
NT-19-215	AAACTC	CCAGCASCYGCGGTAATTCC	ACTTTCGTTCTTGATYRA	y2019	Basse_Michaud	Mi-profondeur	2019-09-23
NT-19-216	TCTTAA	CCAGCASCYGCGGTAATTCC	ACTTTCGTTCTTGATYRA	y2019	Basse_Michaud	Fond	2019-09-23
NT-19-224	AGAAGT	CCAGCASCYGCGGTAATTCC	ACTTTCGTTCTTGATYRA	y2019	Basse_Michaud	Surface	2019-10-07
NT-19-225	CGCGTG	CCAGCASCYGCGGTAATTCC	ACTTTCGTTCTTGATYRA	y2019	Basse_Michaud	Mi-profondeur	2019-10-07
NT-19-237	GCGCCC	CCAGCASCYGCGGTAATTCC	ACTTTCGTTCTTGATYRA	y2019	Basse_Michaud	Surface	2019-10-22
NT-19-238	AAGGCC	CCAGCASCYGCGGTAATTCC	ACTTTCGTTCTTGATYRA	y2019	Basse_Michaud	Mi-profondeur	2019-10-22
NT-19-239	TGCACG	CCAGCASCYGCGGTAATTCC	ACTTTCGTTCTTGATYRA	y2019	Basse_Michaud	Fond	2019-10-22
NT-19-249	CAGTGA	CCAGCASCYGCGGTAATTCC	ACTTTCGTTCTTGATYRA	y2019	Basse_Michaud	Surface	2019-11-06
NT-19-250	GCCGGT	CCAGCASCYGCGGTAATTCC	ACTTTCGTTCTTGATYRA	y2019	Basse_Michaud	Fond	2019-11-06
NT-19-251	CTTAAA	CCAGCASCYGCGGTAATTCC	ACTTTCGTTCTTGATYRA	y2019	Basse_Michaud	Mi-profondeur	2019-11-06
NT-19-253	AACGTC	CCAGCASCYGCGGTAATTCC	ACTTTCGTTCTTGATYRA	y2019	Basse_Michaud	Surface	2019-11-18
NT-19-254	TGTCGT	CCAGCASCYGCGGTAATTCC	ACTTTCGTTCTTGATYRA	y2019	Basse_Michaud	Mi-profondeur	2019-11-18
NT-19-255	CACTAA	CCAGCASCYGCGGTAATTCC	ACTTTCGTTCTTGATYRA	y2019	Basse_Michaud	Fond	2019-11-18
NT-19-262	TTGACT	CCAGCASCYGCGGTAATTCC	ACTTTCGTTCTTGATYRA	y2019	Basse_Michaud	Surface	2019-12-03
NT-19-263	ACATTA	CCAGCASCYGCGGTAATTCC	ACTTTCGTTCTTGATYRA	y2019	Basse_Michaud	Fond	2019-12-03
NT-19-264	GGGTCT	CCAGCASCYGCGGTAATTCC	ACTTTCGTTCTTGATYRA	y2019	Basse_Michaud	Mi-profondeur	2019-12-03
NT-19-273	CCAAGC	CCAGCASCYGCGGTAATTCC	ACTTTCGTTCTTGATYRA	y2019	Basse_Michaud	Surface	2019-12-17
NT-19-274	GCACTG	CCAGCASCYGCGGTAATTCC	ACTTTCGTTCTTGATYRA	y2019	Basse_Michaud	Fond	2019-12-17
NT-19-275	CGTTAA	CCAGCASCYGCGGTAATTCC	ACTTTCGTTCTTGATYRA	y2019	Basse_Michaud	Mi-profondeur	2019-12-17
NT-20-005	GTGTAG	CCAGCASCYGCGGTAATTCC	ACTTTCGTTCTTGATYRA	y2020	Basse_Michaud	Surface	2020-01-07
NT-20-006	CACCTC	CCAGCASCYGCGGTAATTCC	ACTTTCGTTCTTGATYRA	y2020	Basse_Michaud	Mi-profondeur	2020-01-07
NT-20-007	TAAATG	CCAGCASCYGCGGTAATTCC	ACTTTCGTTCTTGATYRA	y2020	Basse_Michaud	Fond	2020-01-07
NT-20-013	CTTGAC	CCAGCASCYGCGGTAATTCC	ACTTTCGTTCTTGATYRA	y2020	Basse_Michaud	Surface	2020-01-21
NT-20-014	TTAAGG	CCAGCASCYGCGGTAATTCC	ACTTTCGTTCTTGATYRA	y2020	Basse_Michaud	Mi-profondeur	2020-01-21
NT-20-015	AAGTAA	CCAGCASCYGCGGTAATTCC	ACTTTCGTTCTTGATYRA	y2020	Basse_Michaud	Fond	2020-01-21
NT-20-022	GCTTCG	CCAGCASCYGCGGTAATTCC	ACTTTCGTTCTTGATYRA	y2020	Basse_Michaud	Surface	2020-02-05
NT-20-023	AGAATC	CCAGCASCYGCGGTAATTCC	ACTTTCGTTCTTGATYRA	y2020	Basse_Michaud	Mi-profondeur	2020-02-05
NT-20-024	GACTTT	CCAGCASCYGCGGTAATTCC	ACTTTCGTTCTTGATYRA	y2020	Basse_Michaud	Fond	2020-02-05
NT-20-032	CGGAAC	CCAGCASCYGCGGTAATTCC	ACTTTCGTTCTTGATYRA	y2020	Basse_Michaud	Surface	2020-03-03
NT-20-033	ATTTGT	CCAGCASCYGCGGTAATTCC	ACTTTCGTTCTTGATYRA	y2020	Basse_Michaud	Mi-profondeur	2020-03-03
NT-20-034	GCCCAC	CCAGCASCYGCGGTAATTCC	ACTTTCGTTCTTGATYRA	y2020	Basse_Michaud	Fond	2020-03-03
NT-20-221	GACGAT	CCAGCASCYGCGGTAATTCC	ACTTTCGTTCTTGATYRA	y2020	Basse_Michaud	Surface	2020-09-08
NT-20-222	ATTCTC	CCAGCASCYGCGGTAATTCC	ACTTTCGTTCTTGATYRA	y2020	Basse_Michaud	Mi-profondeur	2020-09-08
NT-20-223	CGAAGG	CCAGCASCYGCGGTAATTCC	ACTTTCGTTCTTGATYRA	y2020	Basse_Michaud	Fond	2020-09-08
NT-20-238	TTGAAG	CCAGCASCYGCGGTAATTCC	ACTTTCGTTCTTGATYRA	y2020	Basse_Michaud	Surface	2020-09-22
NT-20-239	AAAGTA	CCAGCASCYGCGGTAATTCC	ACTTTCGTTCTTGATYRA	y2020	Basse_Michaud	Mi-profondeur	2020-09-22
NT-20-240	TCAGCG	CCAGCASCYGCGGTAATTCC	ACTTTCGTTCTTGATYRA	y2020	Basse_Michaud	Fond	2020-09-22
NT-20-257	AACCAT	CCAGCASCYGCGGTAATTCC	ACTTTCGTTCTTGATYRA	y2020	Basse_Michaud	Surface	2020-10-13
NT-20-258	GGGGGA	CCAGCASCYGCGGTAATTCC	ACTTTCGTTCTTGATYRA	y2020	Basse_Michaud	Fond	2020-10-13
NT-20-259	TAGTAC	CCAGCASCYGCGGTAATTCC	ACTTTCGTTCTTGATYRA	y2020	Basse_Michaud	Mi-profondeur	2020-10-13
NT-20-268	AGGCGC	CCAGCASCYGCGGTAATTCC	ACTTTCGTTCTTGATYRA	y2020	Basse_Michaud	Surface	2020-11-09
NT-20-269	AATCCG	CCAGCASCYGCGGTAATTCC	ACTTTCGTTCTTGATYRA	y2020	Basse_Michaud	Mi-profondeur	2020-11-09
NT-20-270	TGATGC	CCAGCASCYGCGGTAATTCC	ACTTTCGTTCTTGATYRA	y2020	Basse_Michaud	Fond	2020-11-09
NT-20-282	ATCTAT	CCAGCASCYGCGGTAATTCC	ACTTTCGTTCTTGATYRA	y2020	Basse_Michaud	Surface	2020-11-24
NT-20-283	TAGATC	CCAGCASCYGCGGTAATTCC	ACTTTCGTTCTTGATYRA	y2020	Basse_Michaud	Mi-profondeur	2020-11-24
NT-20-284	GTGAAT	CCAGCASCYGCGGTAATTCC	ACTTTCGTTCTTGATYRA	y2020	Basse_Michaud	Fond	2020-11-24
NT-20-290	TAAGGG	CCAGCASCYGCGGTAATTCC	ACTTTCGTTCTTGATYRA	y2020	Basse_Michaud	Surface	2020-12-08
NT-20-291	ATCGTT	CCAGCASCYGCGGTAATTCC	ACTTTCGTTCTTGATYRA	y2020	Basse_Michaud	Mi-profondeur	2020-12-08
NT-20-292	GAGCAA	CCAGCASCYGCGGTAATTCC	ACTTTCGTTCTTGATYRA	y2020	Basse_Michaud	Fond	2020-12-08
NT-21-001	ACTGCG	CCAGCASCYGCGGTAATTCC	ACTTTCGTTCTTGATYRA	y2021	Basse_Michaud	Surface	2021-01-04
NT-21-002	GGCCTC	CCAGCASCYGCGGTAATTCC	ACTTTCGTTCTTGATYRA	y2021	Basse_Michaud	Mi-profondeur	2021-01-04
NT-21-003	ATCGGG	CCAGCASCYGCGGTAATTCC	ACTTTCGTTCTTGATYRA	y2021	Basse_Michaud	Fond	2021-01-04
NT-21-010	AGTCGG	CCAGCASCYGCGGTAATTCC	ACTTTCGTTCTTGATYRA	y2021	Basse_Michaud	Surface	2021-01-18
NT-21-011	TACTCA	CCAGCASCYGCGGTAATTCC	ACTTTCGTTCTTGATYRA	y2021	Basse_Michaud	Mi-profondeur	2021-01-18
NT-21-012	ATAACG	CCAGCASCYGCGGTAATTCC	ACTTTCGTTCTTGATYRA	y2021	Basse_Michaud	Fond	2021-01-18
NT-21-018	GAGGGC	CCAGCASCYGCGGTAATTCC	ACTTTCGTTCTTGATYRA	y2021	Basse_Michaud	Surface	2021-02-08
NT-21-019	TACAAG	CCAGCASCYGCGGTAATTCC	ACTTTCGTTCTTGATYRA	y2021	Basse_Michaud	Mi-profondeur	2021-02-08
NT-21-020	CGTTTC	CCAGCASCYGCGGTAATTCC	ACTTTCGTTCTTGATYRA	y2021	Basse_Michaud	Fond	2021-02-08
NT-21-038	CCCGTT	CCAGCASCYGCGGTAATTCC	ACTTTCGTTCTTGATYRA	y2021	Basse_Michaud	Surface	2021-03-09
NT-21-039	GGTCAC	CCAGCASCYGCGGTAATTCC	ACTTTCGTTCTTGATYRA	y2021	Basse_Michaud	Mi-profondeur	2021-03-09
NT-21-040	AGTGCT	CCAGCASCYGCGGTAATTCC	ACTTTCGTTCTTGATYRA	y2021	Basse_Michaud	Fond	2021-03-09
NT-21-042	GACATC	CCAGCASCYGCGGTAATTCC	ACTTTCGTTCTTGATYRA	y2021	Basse_Michaud	Surface	2021-03-22
NT-21-043	CCCGGC	CCAGCASCYGCGGTAATTCC	ACTTTCGTTCTTGATYRA	y2021	Basse_Michaud	Mi-profondeur	2021-03-22
NT-21-044	CTCGGT	CCAGCASCYGCGGTAATTCC	ACTTTCGTTCTTGATYRA	y2021	Basse_Michaud	Fond	2021-03-22
PENB1	CTCATA	CCAGCASCYGCGGTAATTCC	ACTTTCGTTCTTGATYRA	y2019	Penbé	Vase	1000-01-01
PENB3	TGTGAG	CCAGCASCYGCGGTAATTCC	ACTTTCGTTCTTGATYRA	y2019	Penbé	Vase	1000-01-01
PENF1	TGCCAG	CCAGCASCYGCGGTAATTCC	ACTTTCGTTCTTGATYRA	y2019	Penerf	Vase	1000-01-01
PENF3	GACTCG	CCAGCASCYGCGGTAATTCC	ACTTTCGTTCTTGATYRA	y2019	Penerf	Vase	1000-01-01
PMAE1	TGCAGT	CCAGCASCYGCGGTAATTCC	ACTTTCGTTCTTGATYRA	y2019	Pont_Mahé	Vase	1000-01-01
PMAE3	CTGCAC	CCAGCASCYGCGGTAATTCC	ACTTTCGTTCTTGATYRA	y2019	Pont_Mahé	Vase	1000-01-01
PORS1	GAGTTG	CCAGCASCYGCGGTAATTCC	ACTTTCGTTCTTGATYRA	y2019	Pornichet	Sable	1000-01-01
PORS3	CAACGA	CCAGCASCYGCGGTAATTCC	ACTTTCGTTCTTGATYRA	y2019	Pornichet	Sable	1000-01-01
PORV1	CGCACA	CCAGCASCYGCGGTAATTCC	ACTTTCGTTCTTGATYRA	y2019	Pornichet	Vase	1000-01-01
PORV3	AAGGTG	CCAGCASCYGCGGTAATTCC	ACTTTCGTTCTTGATYRA	y2019	Pornichet	Vase	1000-01-01
TCRO1	AAATGT	CCAGCASCYGCGGTAATTCC	ACTTTCGTTCTTGATYRA	y2019	Trait_du_Croisic	Vase	1000-01-01
TCRO3	GAGAGG	CCAGCASCYGCGGTAATTCC	ACTTTCGTTCTTGATYRA	y2019	Trait_du_Croisic	Vase	1000-01-01
TURB1	TACGGC	CCAGCASCYGCGGTAATTCC	ACTTTCGTTCTTGATYRA	y2019	La_Turballe	Vase	1000-01-01
TURB3	GTGACG	CCAGCASCYGCGGTAATTCC	ACTTTCGTTCTTGATYRA	y2019	La_Turballe	Vase	1000-01-01
